skills,qualification,experience_years,education_level,language,certification,soft_skills,job_role,source
"REST API, API development, Mobile UI, Flutter, Statistics, Dart",App portfolio,3,Certification,German,Kubernetes Basics,"Self Learning, Teamwork, Attention to Detail, Time Management",Mobile Developer,current_custom_dataset
"java, qa, selenium",QA Engineer- Selenium Experience at Opus Recruitment Solutions,2,Unknown,English,,"Communication, Problem Solving",QA Engineer,adzuna_api
"Kubernetes, Docker, Firewalls, System administration, Cloud project, Redis, AWS, Monitoring, Incident Response, Networking, Nginx",System administration,0,College,English,ISTQB Foundation,"Critical Thinking, Attention to Detail",DevOps Engineer,current_custom_dataset
"Java, Kotlin, Spring Boot, REST API, PostgreSQL, Kafka, Redis, Docker, Kubernetes, Microservices",Senior Backend Developer (Java/Kotlin),7,Unknown,Russian,,"Leadership, Analytical Thinking, Problem Solving, Teamwork",Backend Developer,current_custom_dataset
"Docker, Figma, Git, Node.js, Postman, CSS, Vite",AI course,5,Bachelor,Kazakh,AWS Cloud Practitioner,"Self Learning, Critical Thinking",Frontend Developer,current_custom_dataset
"Business reporting, Firebase, Power BI, Testing, Regression Testing, Node.js, UI Design, Vite",UI implementation,0,Master,Russian,Meta Frontend,"Attention to Detail, Adaptability, Time Management, Critical Thinking",Frontend Developer,current_custom_dataset
cybersecurity,Senior CyberSecurity SOC Analyst at Live Nation,4,Unknown,English,,"Communication, Problem Solving",Cybersecurity Analyst,adzuna_api
"API development, Cryptography, Kotlin, React, Firebase, Spring Boot, Mobile UI, Dart, Responsive Design, Flutter, Android",App portfolio,1,Bachelor,Turkish,TensorFlow Developer,"Time Management, Problem Solving, Creativity, Teamwork",Mobile Developer,current_custom_dataset
"Python, Machine Learning, Deep Learning, PyTorch, TensorFlow, LLM, NLP, Computer Vision, Docker, Git",Senior ML Developer,4,Unknown,Russian,,"Analytical Thinking, Problem Solving, Communication, Leadership",Machine Learning Engineer,current_custom_dataset
"Cloud security, SIEM, Bash, Firewalls, Monitoring, Redis",Network administration,2,College,German,TensorFlow Developer,"Teamwork, Communication, Attention to Detail",Cybersecurity Analyst,current_custom_dataset
"Cryptography, Linux, Dart, Firewalls, Bash, Security Monitoring, Statistics, Incident Response, System administration, Power BI",Cybersecurity certificate,4,Bachelor,Kazakh,ISTQB Foundation,"Adaptability, Attention to Detail, Problem Solving",Cybersecurity Analyst,current_custom_dataset
"qa, security",QA Engineer at Advanced Resource Managers Limited,2,Unknown,English,,"Communication, Problem Solving",QA Engineer,adzuna_api
"Monitoring, Docker, Flutter, Java, Hibernate, Manual Testing, Postman, Microservices, Python, Linux",API development,1,Master,German,Cisco CCNA,"Attention to Detail, Creativity, Time Management",Backend Developer,current_custom_dataset
"Incident Response, Bash, Cryptography, SQL, Python",CTF practice,1,College,Turkish,Oracle Java,"Problem Solving, Adaptability, Self Learning",Cybersecurity Analyst,current_custom_dataset
"CI/CD, Postman, Mobile Testing, REST API, Spring Boot, Redis, Nginx, AWS, Microservices, Java",Computer Science degree,3,Bachelor,German,ISTQB Foundation,"Leadership, Adaptability, Communication, Creativity",Backend Developer,current_custom_dataset
"Redis, API Testing, Docker, GitHub Actions, TensorFlow, Linux, Bash, Security Monitoring, Monitoring, HTML",Network administration,3,Bachelor,Turkish,Meta Frontend,"Communication, Critical Thinking, Adaptability",DevOps Engineer,current_custom_dataset
"cybersecurity, security",Senior Industry CyberSecurity Analyst at GSM Conference Services,4,Unknown,English,,Teamwork,Cybersecurity Analyst,adzuna_api
"SQL (Advanced), ClickHouse, Data Analysis, Forecasting, Product Analytics, Excel/Google Sheets (Advanced), BI Tools (Power BI/Tableau/Looker), Data Validation, ETL Basics, Git, Reporting",Data Analyst,2,Bachelor,Russian,none,"Analytical Thinking, Communication, Attention to Detail, Problem Solving",Data Analyst,current_custom_dataset
"React, JavaScript, TypeScript, HTML, CSS, REST API, WebSockets, Git, Unit Testing, Next.js",Senior React Developer,4,Unknown,Russian,,"Leadership, Communication, Teamwork, Problem Solving",Frontend Developer,current_custom_dataset
cybersecurity,Director Analyst – Infrastructure Cybersecurity (Remote: Europe) at Gartner,2,Unknown,English,,Problem Solving,Cybersecurity Analyst,adzuna_api
"REST API, Firewalls, Python, Cryptography, System administration, Bash, Wireshark",Network administration,1,Master,German,Oracle Java,"Attention to Detail, Time Management",Cybersecurity Analyst,current_custom_dataset
"JavaScript, Microservices, State Management, Postman, UI Design, Figma, Node.js, HTML, CSS, Responsive Design",Portfolio projects,0,Certification,Kazakh,Google Data Analytics,"Critical Thinking, Leadership",Frontend Developer,current_custom_dataset
"java, qa, selenium",QA Engineer- Selenium Experience at Opus Recruitment Solutions Ltd,2,Unknown,English,,"Communication, Problem Solving",QA Engineer,adzuna_api
"React Native, JavaScript, TypeScript, REST API, Mobile Development, Git, CI/CD, Performance Optimization, Debugging, API Integration",Middle React Native Developer,4,Unknown,English,,"Teamwork, Communication, Problem Solving, Analytical Thinking",Frontend Developer,current_custom_dataset
"SQL, A/B Testing, REST API, Model Evaluation, Excel, NumPy, Pandas",Data analysis projects,0,Bachelor,Russian,Oracle Java,"Self Learning, Time Management, Attention to Detail",Data Analyst,current_custom_dataset
"qa, testing",Senior QA Engineer at trg.recruitment,4,Unknown,English,,Teamwork,QA Engineer,adzuna_api
"Networking, Security Monitoring, Bash, GitHub Actions, Kubernetes, CCNA, System administration, PostgreSQL, Monitoring, Docker",Linux administration,0,Bachelor,German,Meta Frontend,"Communication, Leadership, Attention to Detail, Adaptability",DevOps Engineer,current_custom_dataset
"Java, Spring Boot, Angular, AWS, Microservices, CI/CD, Docker, REST API, Serverless, Git",Backend Developer,7,Unknown,English,AWS,"Leadership, Communication, Analytical Thinking, Problem Solving",Backend Developer,current_custom_dataset
"Kubernetes, Linux, Windows Server, Active Directory, CI/CD, VMware, Bash, Networking",DevOps Engineer,4,Bachelor,Russian,none,"Problem Solving, Responsibility, Attention to Detail, Communication",DevOps Engineer,current_custom_dataset
"Pandas, A/B Testing, JavaScript, Responsive Design, Jupyter, NumPy, Statistics, Machine Learning, SQL, Business reporting, AWS",Statistics course,2,Bachelor,Russian,Kubernetes Basics,"Self Learning, Time Management, Problem Solving, Attention to Detail",Data Analyst,current_custom_dataset
qa,Senior QA Engineer at Gravitas Recruitment Group  Ltd,4,Unknown,English,,"Communication, Problem Solving",QA Engineer,adzuna_api
"cybersecurity, incident response",Cybersecurity Incident Response Analyst / Incident Response Lead Analyst / Hyderabad/ Cybersecurity at Hsbc,2,Unknown,English,,"Communication, Problem Solving",Cybersecurity Analyst,adzuna_api
Unknown,"AI-Pilled BackEnd Developers and err, cats. at Mongoose Gray",2,Unknown,English,,"Communication, Problem Solving",Backend Developer,adzuna_api
"Mobile Testing, Model Evaluation, Selenium, Postman, Feature Engineering, Java, Test Cases, Machine Learning, Regression Testing, CI/CD",Software testing course,4,College,Russian,Google Data Analytics,"Attention to Detail, Critical Thinking, Communication, Time Management",QA Engineer,current_custom_dataset
Unknown,Senior Frontend Developer at SEEKR,4,Unknown,English,,"Teamwork, Attention to Detail",Frontend Developer,adzuna_api
"Automation Testing, Security Monitoring, Cryptography, Python, CCNA, Monitoring",Excel certification,0,College,Kazakh,ISTQB Foundation,"Adaptability, Communication",Cybersecurity Analyst,current_custom_dataset
"Excel, Python, Wireshark, Networking, SIEM, CCNA, Risk Assessment, Jira, Hibernate",Linux administration,2,Master,Russian,AWS Cloud Practitioner,"Communication, Problem Solving, Time Management, Self Learning",Cybersecurity Analyst,current_custom_dataset
"Kubernetes, Docker, CI/CD, Jenkins, GitLab, Python, Go, Groovy, Terraform, Ansible, Linux, Git, ArgoCD",DevOps Software Engineer,4,Bachelor,English,,"Communication, Analytical Thinking, Problem Solving, Teamwork",DevOps Engineer,current_custom_dataset
"Flutter, Java, Git, Firewalls, Firebase, UI Design, Postman, Responsive Design, Node.js, CSS",Web development,3,Bootcamp,English,Oracle Java,"Self Learning, Critical Thinking, Creativity",Frontend Developer,current_custom_dataset
"Terraform, JavaScript, GitHub Actions, Security Monitoring, CI/CD, CSS, System administration, Monitoring, Python",Deployment experience,6,College,Russian,,"Leadership, Critical Thinking, Attention to Detail",DevOps Engineer,current_custom_dataset
"javascript, react, typescript",Frontend Developer at TopTek Talent,1,Unknown,English,,Teamwork,Frontend Developer,adzuna_api
"Docker, CCNA, A/B Testing, Cryptography, System administration, Risk Assessment, Firewalls",Research project,1,Bachelor,Russian,TensorFlow Developer,"Critical Thinking, Attention to Detail",Cybersecurity Analyst,current_custom_dataset
"Regression Testing, Python, Mobile Testing, Java, Linux, SQL, Bug Reporting, CI/CD, Nginx",Software testing course,2,Master,Turkish,Oracle Java,"Time Management, Teamwork",QA Engineer,current_custom_dataset
"Power BI, Kotlin, Dashboards, SQL, NumPy, Model Evaluation, Business reporting",Data analysis projects,3,College,Russian,ISTQB Foundation,"Teamwork, Creativity, Time Management",Data Analyst,current_custom_dataset
"Manual Testing, Flutter, CI/CD, Python, Jira, Redis, API Testing, Postman",QA internship,1,College,Kazakh,Kubernetes Basics,"Creativity, Problem Solving, Time Management",QA Engineer,current_custom_dataset
"cybersecurity, incident response, security",Acquisition Cybersecurity Team (ACT) - Senior SOC Analyst at JPMorganChase,4,Unknown,English,,Teamwork,Cybersecurity Analyst,adzuna_api
"Testing, Scikit-learn, API development, REST API, Android, Mobile UI, Node.js, Manual Testing, SQLite, Dart",Firebase project,2,College,German,Google Data Analytics,"Critical Thinking, Self Learning, Attention to Detail, Leadership",Mobile Developer,current_custom_dataset
"SQL, Hibernate, Feature Engineering, Scikit-learn, Statistics, Bug Reporting, NumPy",Linux administration,0,College,Kazakh,Google Data Analytics,"Critical Thinking, Self Learning, Communication, Adaptability",Machine Learning Engineer,current_custom_dataset
"Risk Assessment, Mobile UI, Firewalls, Web development, Monitoring, Bash, Wireshark, Linux, CCNA",CTF practice,4,Master,Turkish,Google Data Analytics,"Creativity, Critical Thinking, Adaptability, Teamwork",Cybersecurity Analyst,current_custom_dataset
"Node.js, Figma, Vite, Tailwind CSS, React, Responsive Design, Postman, Automation Testing",API testing project,2,Bootcamp,Kazakh,Google Data Analytics,"Time Management, Communication",Frontend Developer,current_custom_dataset
"CSS, Git, Tailwind CSS, UI Design, Firebase, JavaScript, Cryptography",Web development,0,Certification,Kazakh,AWS Cloud Practitioner,"Time Management, Critical Thinking",Frontend Developer,current_custom_dataset
"aws, ci/cd, docker, git, kubernetes, microservices, mysql, node.js, postgresql, typescript",Backend Developer at OCC Group,2,Unknown,English,AWS Cloud Practitioner,"Communication, Problem Solving",Backend Developer,adzuna_api
machine learning,Senior Machine Learning Engineer - Agentic AI Platform at Robert Half Limited,4,Unknown,English,,Teamwork,Machine Learning Engineer,adzuna_api
"Dart, UI Design, Test Cases, Tailwind CSS, Vite, Responsive Design, Testing, CSS, Git, Postman, Firebase",Computer Science degree,1,Bachelor,Turkish,TensorFlow Developer,"Communication, Leadership, Creativity",Frontend Developer,current_custom_dataset
"aws, ci/cd, docker, kubernetes, security, terraform",DevOps Engineer at Ocho,2,Unknown,English,AWS Cloud Practitioner,Teamwork,DevOps Engineer,adzuna_api
"Dart, REST API, Kubernetes, Testing, Power BI, Firebase",Firebase project,0,Bachelor,Russian,Oracle Java,"Time Management, Adaptability, Problem Solving, Self Learning",Mobile Developer,current_custom_dataset
java,Senior Backend Developer ( Go/Java) at Ocho,4,Unknown,English,,"Communication, Problem Solving",Backend Developer,adzuna_api
excel,Trainee Data Analyst Associate at Newto Training,1,Unknown,English,,"Communication, Problem Solving",Data Analyst,adzuna_api
"NumPy, Model Evaluation, Pandas, Docker, Python, Jira, Cloud project, Linux",Security course,0,Master,German,Kubernetes Basics,"Adaptability, Problem Solving, Time Management, Critical Thinking",Machine Learning Engineer,current_custom_dataset
"Python, Linux, Docker, GitHub Actions, NumPy, Scikit-learn, Model Evaluation",Machine learning projects,3,Bachelor,German,Meta Frontend,"Leadership, Attention to Detail, Creativity, Teamwork",Machine Learning Engineer,current_custom_dataset
"Microservices, Incident Response, Hibernate, Feature Engineering, React, Python, Testing",Computer Science degree,0,Bachelor,English,AWS Cloud Practitioner,"Communication, Self Learning, Leadership",Backend Developer,current_custom_dataset
"API Testing, REST API, SQL, Regression Testing, CCNA, Mobile Testing, Networking, Automation Testing, Manual Testing, Postman",Software testing course,2,College,Russian,Meta Frontend,"Adaptability, Problem Solving, Creativity",QA Engineer,current_custom_dataset
"iOS, Cryptography, Dart, State Management, UI Design, Mobile UI, Git, Firewalls, Java, Firebase, React",System administration,2,Bachelor,Turkish,Cisco CCNA,"Attention to Detail, Teamwork, Leadership, Problem Solving",Mobile Developer,current_custom_dataset
"Mobile UI, Excel, Firebase, Testing, React, Mobile Testing, Flutter, Kotlin, Android",Excel certification,0,Bootcamp,German,AWS Cloud Practitioner,"Communication, Teamwork",Mobile Developer,current_custom_dataset
"Bug Reporting, Pandas, SQL, Postman, Git, Web development, Jira, API Testing",Testing project,0,College,Russian,Oracle Java,"Time Management, Self Learning",QA Engineer,current_custom_dataset
"SQL, TensorFlow, Docker, API development, Model Evaluation, Statistics, Flutter, Feature Engineering, GitHub Actions",Machine learning projects,3,Certification,German,Kubernetes Basics,"Adaptability, Attention to Detail, Teamwork, Leadership",Machine Learning Engineer,current_custom_dataset
"Information Security, Threat Modeling, Biometric Authentication (Face Recognition, Liveness Detection), Risk Analysis, API Security (REST), Encryption, HSM, BPMN/UML, UX Analysis, Security Compliance, Vulnerability Assessment",IT Security Analyst,3,Bachelor,English,,"Analytical Thinking, Communication, Attention to Detail, Problem Solving",Cybersecurity Analyst,current_custom_dataset
Unknown,Senior DevOps Engineer at MCS Group,4,Unknown,English,,Teamwork,DevOps Engineer,adzuna_api
"Cloud project, Linux, SIEM, Data Cleaning, Python, Selenium, Jupyter",Kaggle experience,2,Master,Kazakh,Meta Frontend,"Problem Solving, Leadership, Adaptability",Machine Learning Engineer,current_custom_dataset
"Cloud project, ML Pipelines, Statistics, Redis, Test Cases, Data Cleaning, Android, Linux, SQL",AI course,4,Certification,Russian,Oracle Java,"Teamwork, Communication, Adaptability, Critical Thinking",Machine Learning Engineer,current_custom_dataset
"aws, ci/cd, postgresql, redis",DevOps Engineer at Major Recruitment,1,Unknown,English,AWS Cloud Practitioner,"Communication, Problem Solving",DevOps Engineer,adzuna_api
"Firebase, Kotlin, Nginx, PostgreSQL, Java, State Management, REST API, API development, iOS, Testing, SQLite",Firebase project,1,Certification,Kazakh,Google Data Analytics,"Teamwork, Adaptability, Creativity",Mobile Developer,current_custom_dataset
"Regression Testing, PostgreSQL, Python, Terraform, GitHub Actions, Docker, System administration, Redis",Deployment experience,2,Bachelor,English,Kubernetes Basics,"Problem Solving, Creativity",DevOps Engineer,current_custom_dataset
"Android, Cryptography, REST API, SIEM, Cloud security, Bash, Docker, Python, Incident Response, Web development",Cybersecurity certificate,2,College,English,Meta Frontend,"Time Management, Teamwork, Critical Thinking",Cybersecurity Analyst,current_custom_dataset
qa,QA Engineer - ServiceNow at Lynx Recruitment Ltd,2,Unknown,English,,Teamwork,QA Engineer,adzuna_api
"Linux, Bash, Docker, Networking, Nginx, TCP/IP, Monitoring, Troubleshooting, HTTP, DNS",Support Engineer Intern,0,Unknown,Russian,,"Analytical Thinking, Problem Solving, Adaptability, Communication",DevOps Engineer,current_custom_dataset
"Python, SQL, Machine Learning, pandas, scikit-learn, A/B Testing, Feature Engineering, Data Analysis, FastAPI, Git",Data Scientist,4,Bachelor,Russian,,"Analytical Thinking, Problem Solving, Communication, Attention to Detail",Machine Learning Engineer,current_custom_dataset
"azure, cybersecurity, networking, security, siem",Trainee Graduate Cybersecurity Analyst at Newto Training,2,Unknown,English,Cisco CCNA,"Communication, Problem Solving",Cybersecurity Analyst,adzuna_api
"Cloud project, NumPy, Python, Pandas, API development, PostgreSQL, Visualization, A/B Testing, Business reporting, Jupyter",Excel certification,3,Master,Kazakh,Cisco CCNA,"Communication, Creativity, Leadership, Teamwork",Data Analyst,current_custom_dataset
"React Native, JavaScript, React (hooks), GraphQL (Apollo), MobX, REST API, WebSocket, Git, i18next, Reanimated, Firebase",Middle Frontend Developer,2,Bachelor,English,,"Teamwork, Problem Solving, Adaptability, Communication",Frontend Developer,current_custom_dataset
"SQLite, React, UI Design, Firebase, iOS, Jira, Kotlin, HTML, State Management, A/B Testing",App portfolio,2,Master,Kazakh,Oracle Java,"Adaptability, Attention to Detail",Mobile Developer,current_custom_dataset
"PostgreSQL, Nginx, GitHub Actions, Docker, TensorFlow, Bash, CI/CD",System administration,1,Bachelor,Kazakh,TensorFlow Developer,"Leadership, Creativity, Communication, Teamwork",DevOps Engineer,current_custom_dataset
"cybersecurity, incident response, monitoring, security, siem",Cybersecurity Senior Incident Response Analyst at JPMorganChase,4,Unknown,English,,Teamwork,Cybersecurity Analyst,adzuna_api
"Angular, JavaScript, TypeScript, HTML, CSS, REST API, Git, SPA, Responsive Design, DOM",Junior Frontend Developer ,2,Bachelor,Russian,,"Adaptability, Teamwork, Problem Solving, Communication",Frontend Developer,current_custom_dataset
"Linux, Excel, Dashboards, Machine Learning, NumPy, Tableau, Responsive Design, Testing, Statistics",API development,0,College,German,Oracle Java,"Self Learning, Attention to Detail, Critical Thinking, Communication",Data Analyst,current_custom_dataset
"UI Design, Feature Engineering, React, API development, TensorFlow, Android, Dart, iOS",App portfolio,1,Bachelor,Turkish,Meta Frontend,"Creativity, Adaptability",Mobile Developer,current_custom_dataset
"Vue.js, JavaScript, TypeScript, HTML, CSS, REST API, Git, Vuex, Pinia, Webpack",Front-end Developer,2,Unknown,Russian,,"Teamwork, Communication, Problem Solving, Attention to Detail",Frontend Developer,current_custom_dataset
aws,Devops Engineer at CODEVERSE LIMITED,4,Unknown,English,AWS Cloud Practitioner,Teamwork,DevOps Engineer,adzuna_api
"Monitoring, Security Monitoring, Wireshark, Firewalls, Networking, NumPy, Risk Assessment",Security course,3,Bachelor,Turkish,TensorFlow Developer,"Teamwork, Adaptability",Cybersecurity Analyst,current_custom_dataset
"React, TypeScript, UI Design, Firebase, Vite, Incident Response",Computer Science degree,0,Bootcamp,Kazakh,Oracle Java,"Critical Thinking, Problem Solving, Leadership",Frontend Developer,current_custom_dataset
"Angular, JavaScript, TypeScript, HTML, CSS, REST API, Unit Testing, Jest, Git, UI Development",Junior Frontend Developer (Angular),2,Unknown,English,,"Teamwork, Communication, Problem Solving, Adaptability",Frontend Developer,current_custom_dataset
machine learning,Machine Learning Engineer at Kleboe Jardine Ltd,2,Unknown,English,,Teamwork,Machine Learning Engineer,adzuna_api
"Security Monitoring, Wireshark, Cryptography, Firewalls, TypeScript, Risk Assessment, Docker, Terraform, Linux",Cybersecurity certificate,0,College,German,Cisco CCNA,"Problem Solving, Creativity, Self Learning, Critical Thinking",Cybersecurity Analyst,current_custom_dataset
"Python, SQL, Machine Learning, pandas, scikit-learn, XGBoost, LightGBM, Feature Engineering, A/B Testing, Data Analysis",Senior Data Scientist,4,Unknown,Russian,,"Leadership, Analytical Thinking, Communication, Problem Solving",Machine Learning Engineer,current_custom_dataset
"PHP, Laravel, MySQL, PostgreSQL, REST API, Docker, Git, RabbitMQ, Microservices, CI/CD",Middle PHP Developer,4,Unknown,Russian,,"Leadership, Analytical Thinking, Problem Solving, Communication",Backend Developer,current_custom_dataset
cybersecurity,"Sr Director Analyst, Cybersecurity, Governance, Risk & Compliance (Remote Europe) at Gartner",4,Unknown,English,,"Communication, Problem Solving",Cybersecurity Analyst,adzuna_api
cybersecurity,Cybersecurity Analyst Graduate Apprentice at 3VRM,2,Unknown,English,,Teamwork,Cybersecurity Analyst,adzuna_api
"SQL (Advanced/Expert), Qlik Sense, Data Analysis, Data Visualization, DWH (PostgreSQL, Oracle), Consumer Analytics, Macroeconomics, Data Quality",Data Analyst,2,Bachelor,Russian,,"Analytical Thinking, Communication, Critical Thinking, Presentation Skills",Data Analyst,current_custom_dataset
Unknown,Data Analyst at Sellick Partnership,2,Unknown,English,,Teamwork,Data Analyst,adzuna_api
"REST API, Figma, TypeScript, React, Hibernate, Responsive Design, Risk Assessment, UI Design, Firebase",Web development,2,Certification,English,,"Communication, Creativity, Leadership",Frontend Developer,current_custom_dataset
"Python, Django, Flask, FastAPI, REST API, Microservices, PostgreSQL, Redis, RabbitMQ, Docker",Python Developer,4,Unknown,Russian,,"Analytical Thinking, Problem Solving, Communication, Teamwork",Backend Developer,current_custom_dataset
"NumPy, Cloud project, Machine Learning, Scikit-learn, TensorFlow, API development, Docker, ML Pipelines",Research project,0,Bachelor,Russian,TensorFlow Developer,"Critical Thinking, Problem Solving, Communication, Teamwork",Machine Learning Engineer,current_custom_dataset
"Python, AWS, Postman, Risk Assessment, Docker, CI/CD, PostgreSQL",Backend internship,1,Master,Turkish,Kubernetes Basics,"Problem Solving, Critical Thinking, Leadership",Backend Developer,current_custom_dataset
"Security Monitoring, Cryptography, Monitoring, Scikit-learn, Docker, System administration, Wireshark, Networking, iOS, Firewalls",Cybersecurity certificate,0,Master,Kazakh,Kubernetes Basics,"Time Management, Problem Solving, Creativity, Critical Thinking",Cybersecurity Analyst,current_custom_dataset
"Statistics, NumPy, Scikit-learn, Firebase, Tableau, Mobile UI, Pandas",Statistics course,4,College,Turkish,ISTQB Foundation,"Time Management, Self Learning, Teamwork",Data Analyst,current_custom_dataset
"Visualization, Jupyter, Manual Testing, Data Cleaning, Scikit-learn, Machine Learning, A/B Testing, Android",Research project,1,Master,Turkish,,"Problem Solving, Adaptability, Attention to Detail",Data Analyst,current_custom_dataset
"Microservices, PostgreSQL, CI/CD, Git, Bug Reporting",Database design,3,Certification,Russian,Oracle Java,"Time Management, Leadership, Creativity",Backend Developer,current_custom_dataset
"Flutter, HTML, Vite, Docker, JavaScript, Excel, REST API",Web development,1,College,English,ISTQB Foundation,"Critical Thinking, Adaptability",Frontend Developer,current_custom_dataset
"ios, qa, security, swift",Mobile Developer (iOS) at Sanderson,2,Unknown,English,,Teamwork,Mobile Developer,adzuna_api
Unknown,DevOps Engineer at hireful.,2,Unknown,English,,Teamwork,DevOps Engineer,adzuna_api
"NumPy, Hibernate, Business reporting, SQL, Scikit-learn",Data analysis projects,0,Bachelor,German,,"Time Management, Attention to Detail, Leadership, Teamwork",Data Analyst,current_custom_dataset
"System administration, Cloud security, Linux, Networking, Firewalls, Cryptography, Pandas, Docker, CI/CD, SIEM",Cybersecurity certificate,0,Certification,English,Google Data Analytics,"Teamwork, Time Management",Cybersecurity Analyst,current_custom_dataset
Unknown,Senior Backend Developer at The Portfolio Group,4,Unknown,English,,Teamwork,Backend Developer,adzuna_api
"aws, manual testing, qa, react, testing",Senior QA Engineer at Morson Edge,4,Unknown,English,AWS Cloud Practitioner,Teamwork,QA Engineer,adzuna_api
"java, microservices",Backend Developer at Stackstudio Digital Ltd.,2,Unknown,English,,Attention to Detail,Backend Developer,adzuna_api
"Model Evaluation, Feature Engineering, Cloud security, HTML, Python, TensorFlow",Kaggle experience,1,Bachelor,German,Oracle Java,"Problem Solving, Adaptability",Machine Learning Engineer,current_custom_dataset
"Python, Machine Learning, REST API, Scikit-learn, Data Cleaning",Web development project,1,Bachelor,Russian,Kubernetes Basics,"Critical Thinking, Teamwork",Data Analyst,current_custom_dataset
"JavaScript (ES6+), React, Vue.js, HTML5, CSS3, REST API, Git, Vite/Webpack, UI/UX, Performance Optimization",Front-end Developer,2,Bachelor,English,,"Teamwork, Problem Solving, Attention to Detail, Communication",Data Analyst,current_custom_dataset
Unknown,Frontend Developer at Anson McCade,2,Unknown,English,,"Communication, Problem Solving",Frontend Developer,adzuna_api
"Power BI, DAX, Data Modeling, SQL, Data Visualization, Microsoft Fabric, Azure, Financial Analytics, Dashboard Development, Performance Optimization",Analyst,2,Bachelor,English,none,"Analytical Thinking, Communication, Attention to Detail, Problem Solving",Data Analyst,current_custom_dataset
"NumPy, Pandas, SQL, Cloud project, ML Pipelines, TensorFlow, System administration",Kaggle experience,1,College,Turkish,Google Data Analytics,"Critical Thinking, Leadership, Adaptability",Machine Learning Engineer,current_custom_dataset
"Tableau, Firebase, Flutter, Java, Kotlin, Dart",App portfolio,4,Bootcamp,English,Cisco CCNA,"Self Learning, Critical Thinking, Creativity",Mobile Developer,current_custom_dataset
"Dashboards, CI/CD, REST API, Manual Testing, Java, Automation Testing, Mobile Testing, Python, Jira",Testing project,1,Bootcamp,English,TensorFlow Developer,"Self Learning, Adaptability, Problem Solving, Time Management",QA Engineer,current_custom_dataset
"Manual Testing, API Testing, Postman, SQL, Jira, REST API",QA Engineer,2,Unknown,English,none,"Attention to Detail, Analytical Thinking, Communication, Problem Solving",QA Engineer,current_custom_dataset
"Docker, UI Design, Mobile UI, REST API, React, API development, Git, Figma",Computer Science degree,2,Bachelor,Turkish,Cisco CCNA,"Adaptability, Leadership",Mobile Developer,current_custom_dataset
Unknown,Senior Mobile Developer at XYZ Reality,4,Unknown,English,,"Communication, Problem Solving",Mobile Developer,adzuna_api
"ci/cd, docker, java, kubernetes, linux, python, sql, terraform",DevOps Engineer at Noir,2,Unknown,English,Kubernetes Basics,Teamwork,DevOps Engineer,adzuna_api
"qa, testing","Performance QA Engineer at Halian | Managed Services, Recruitment Agency & Contract Staffing",2,Unknown,English,,"Communication, Problem Solving",QA Engineer,adzuna_api
"cybersecurity, security","Information Security Analyst - Audit, Compliance & Cybersecurity at NICE",2,Unknown,English,,"Communication, Problem Solving",Cybersecurity Analyst,adzuna_api
ios,Mobile Developer (iOS) at Neurolabs,2,Unknown,English,,"Communication, Problem Solving",Mobile Developer,adzuna_api
Unknown,Senior Frontend Developer at Pentasia,4,Unknown,English,,"Communication, Problem Solving",Frontend Developer,adzuna_api
"Bash, Machine Learning, Jira, Manual Testing, Git, Java, Flutter, Web development",API testing project,1,Certification,English,,"Leadership, Attention to Detail, Time Management",QA Engineer,current_custom_dataset
excel,Data Analyst - No experience needed - job guarantee at Newto Training,1,Unknown,English,,"Communication, Problem Solving",Data Analyst,adzuna_api
"JavaScript, TypeScript, ML Pipelines, TensorFlow, Firebase, Node.js, CSS, React, REST API, Responsive Design",Frontend internship,5,Bachelor,Russian,Google Data Analytics,"Leadership, Problem Solving, Attention to Detail",Frontend Developer,current_custom_dataset
"REST API, Java, Flutter, Docker, SQLite, TypeScript",Mobile app project,2,Certification,Kazakh,Meta Frontend,"Critical Thinking, Communication, Attention to Detail",Mobile Developer,current_custom_dataset
"GitHub Actions, Kubernetes, Python, API Testing, Nginx, Cloud project, Monitoring",Frontend internship,3,Bootcamp,Russian,ISTQB Foundation,"Critical Thinking, Time Management, Problem Solving, Leadership",DevOps Engineer,current_custom_dataset
"PHP, MySQL, SQL, REST API, Git, OOP",Junior Backend Developer (PHP),2,Bachelor,Russian,,"Teamwork, Problem Solving, Attention to Detail",Backend Developer,current_custom_dataset
Unknown,DevOps Engineer at Plumstead Consulting,2,Unknown,English,,"Communication, Problem Solving",DevOps Engineer,adzuna_api
"Node.js, TypeScript, NestJS, Express.js, PostgreSQL, REST API, Docker, Microservices, Redis, RabbitMQ",Senior Node.js Developer,7,Unknown,Russian,,"Analytical Thinking, Problem Solving, Communication, Leadership",Backend Developer,current_custom_dataset
"dart, flutter",Mobile Developer at Gophr,5,Unknown,English,,"Communication, Problem Solving",Mobile Developer,adzuna_api
"Postman, Visualization, AWS, SQL, Manual Testing, Jira, Cryptography, Selenium",Data analysis projects,1,Certification,Russian,Oracle Java,"Teamwork, Problem Solving, Adaptability",QA Engineer,current_custom_dataset
"Spring Boot, Figma, React, JavaScript, ML Pipelines, Git, Manual Testing",Computer Science degree,3,Certification,German,Cisco CCNA,"Problem Solving, Time Management, Communication, Leadership",Frontend Developer,current_custom_dataset
"aws, node.js, typescript",Senior Backend Developer at IO Associates,4,Unknown,English,AWS Cloud Practitioner,"Communication, Problem Solving",Backend Developer,adzuna_api
"API Testing, Manual Testing, Feature Engineering, Bug Reporting, Responsive Design, iOS, Selenium, Git, Postman",QA internship,2,College,Kazakh,Kubernetes Basics,"Critical Thinking, Problem Solving",QA Engineer,current_custom_dataset
"Linux, Kubernetes, SQL, Statistics, Docker, Pandas, AWS, ML Pipelines, Feature Engineering, Cloud project",AI course,3,College,Russian,Cisco CCNA,"Problem Solving, Communication, Creativity",Machine Learning Engineer,current_custom_dataset
"Git, Power BI, Redis, Spring Boot, PostgreSQL, CI/CD, Terraform, Docker, Dart",Web development project,5,Bachelor,German,Kubernetes Basics,"Leadership, Communication",Backend Developer,current_custom_dataset
"Business reporting, Excel, React, Jupyter, SQL, NumPy, Pandas, State Management, Scikit-learn, Machine Learning",Business reporting,2,College,Kazakh,ISTQB Foundation,"Teamwork, Self Learning, Adaptability, Communication",Data Analyst,current_custom_dataset
"Hibernate, Machine Learning, React, Testing, Microservices, AWS, Nginx, Docker, Spring Boot, Postman, Redis",Backend internship,0,College,German,Google Data Analytics,"Adaptability, Time Management, Communication",Backend Developer,current_custom_dataset
"Python, LLM, RAG, NLP, PyTorch, Hugging Face, LangChain, Vector Databases, Prompt Engineering, Deep Learning",AI Engineer / LLM Engineer,4,Unknown,Russian,,"Analytical Thinking, Problem Solving, Adaptability, Communication",Machine Learning Engineer,current_custom_dataset
"Scikit-learn, TensorFlow, API development, NumPy, Wireshark, Model Evaluation",Machine learning projects,1,Master,Kazakh,Google Data Analytics,"Attention to Detail, Leadership",Machine Learning Engineer,current_custom_dataset
"Postman, Tailwind CSS, Test Cases, SQL, CI/CD, Automation Testing, Manual Testing, Mobile Testing, Cryptography",QA internship,2,Bachelor,Russian,Oracle Java,"Critical Thinking, Leadership, Communication, Self Learning",QA Engineer,current_custom_dataset
"Node.js, TypeScript, REST API, PostgreSQL, Redis, RabbitMQ, Microservices, Git",Backend Developer,3,Bachelor,English,none,"Problem Solving, Communication, Teamwork, Analytical Thinking",Backend Developer,current_custom_dataset
"SQL, Python (pandas, numpy), Data Analysis, A/B Testing, Statistics, Big Data, Customer Segmentation, Product Analytics, Git, Jira",Data Analyst,2,Bachelor,Russian,,"Analytical Thinking, Problem Solving, Adaptability, Communication, Attention to Detail",Data Analyst,current_custom_dataset
"Firebase, UI Design, iOS, Pandas, Flutter, ML Pipelines, Dart",Computer Science degree,4,Bootcamp,Turkish,Cisco CCNA,"Critical Thinking, Attention to Detail, Creativity",Mobile Developer,current_custom_dataset
"Pandas, Firebase, Cloud project, Python, Feature Engineering, Data Cleaning, Docker, SQL",Research project,4,Master,Russian,TensorFlow Developer,"Self Learning, Time Management, Teamwork, Leadership",Machine Learning Engineer,current_custom_dataset
machine learning,Machine Learning - Engineer - London at Michael Page Technology,2,Unknown,English,,"Teamwork, Attention to Detail",Machine Learning Engineer,adzuna_api
"React, Vite, Node.js, Selenium, Postman, API Testing, Power BI, Responsive Design",Frontend internship,0,Bachelor,Russian,Kubernetes Basics,"Creativity, Attention to Detail",Frontend Developer,current_custom_dataset
"React, Postman, Git, Networking, Figma, Node.js, Tailwind CSS, CSS",UI implementation,1,Bachelor,Kazakh,AWS Cloud Practitioner,"Leadership, Attention to Detail, Teamwork, Creativity",Frontend Developer,current_custom_dataset
"React Native, JavaScript, React, GraphQL, REST API, WebSockets, Git, Mobile Development, TypeScript, UI Development",Middle Frontend Developer (React Native),2,Unknown,Russian,,"Teamwork, Problem Solving, Attention to Detail, Adaptability",Frontend Developer,current_custom_dataset
"Python, Flask, PostgreSQL, SQL, REST API, Git, OOP, Web Development, MS SQL, Backend Development",Python Developer,4,Unknown,Russian,,"Analytical Thinking, Problem Solving, Communication, Attention to Detail",Backend Developer,current_custom_dataset
Unknown,Head of Backend Development at Black Tree Gaming Limited,1,Unknown,English,,"Communication, Problem Solving",Backend Developer,adzuna_api
"Golang, PHP, PostgreSQL, Redis, REST API, Kafka, RabbitMQ, Microservices, Docker, Git",Senior Backend Developer (Go + PHP),4,Unknown,Russian,,"Leadership, Analytical Thinking, Problem Solving, Communication",Backend Developer,current_custom_dataset
"Node.js, Terraform, Tableau, Kubernetes, Linux, Redis, Monitoring, CCNA",Network administration,2,Bootcamp,German,Cisco CCNA,"Critical Thinking, Teamwork, Problem Solving",DevOps Engineer,current_custom_dataset
"Linux, PostgreSQL, AWS, Terraform, Dart",Network administration,4,Bootcamp,Russian,Meta Frontend,"Self Learning, Leadership",DevOps Engineer,current_custom_dataset
"Firebase, JavaScript, REST API, Java, Android, Flutter, Hibernate, API development",Mobile app project,4,Master,Russian,Meta Frontend,"Self Learning, Creativity",Mobile Developer,current_custom_dataset
"Kubernetes, Docker, CI/CD, Jenkins, GitLab CI, ArgoCD, Terraform, Ansible, Helm, Linux, Prometheus, Grafana, ELK, Zabbix, Python, Bash, Git, Cloud (AWS/GCP/Azure/Yandex), Databases (PostgreSQL, MongoDB, Redis)",DevOps Engineer,4,Bachelor,Russian,,"Problem Solving, Responsibility, Communication, Analytical Thinking",DevOps Engineer,current_custom_dataset
"Java, TypeScript, Bash, CI/CD, Redis, Nginx, System administration, Dart",Linux administration,3,Bachelor,Turkish,Meta Frontend,"Problem Solving, Communication",DevOps Engineer,current_custom_dataset
"SQL, Nginx, Business reporting, Git, Postman",API development,1,Bootcamp,Russian,TensorFlow Developer,"Problem Solving, Teamwork, Communication",Backend Developer,current_custom_dataset
"SQL, Python, Product Analytics, Funnel Analysis, Customer Journey Mapping, Conversion Optimization, BI Tools, A/B Testing, Data Analysis, CRM, Airflow",Data Analyst,6,Bachelor,English,,"Ownership, Strategic Thinking, Problem Solving, Communication, Decision Making",Data Analyst,current_custom_dataset
"Android, iOS, Pandas, API development, SQLite, Flutter, Mobile UI",Firebase project,4,Bachelor,Russian,Kubernetes Basics,"Teamwork, Self Learning",Mobile Developer,current_custom_dataset
"Machine Learning, Testing, Business reporting, Tableau, Jupyter, REST API, SQL, Dashboards, Statistics",Excel certification,0,Master,Turkish,Google Data Analytics,"Adaptability, Communication, Self Learning",Data Analyst,current_custom_dataset
"Business reporting, Terraform, Data Cleaning, Machine Learning, Visualization, Scikit-learn, Bash, Python, Excel",Research project,1,Bachelor,German,Kubernetes Basics,"Problem Solving, Teamwork",Data Analyst,current_custom_dataset
"Dashboards, Python, SQL, Microservices, CI/CD, React, CCNA, Git, Machine Learning",API development,5,Bootcamp,English,Oracle Java,"Adaptability, Communication, Creativity",Backend Developer,current_custom_dataset
"Android, API development, State Management, Scikit-learn, Mobile UI, REST API",Firebase project,3,Bachelor,German,,"Problem Solving, Time Management",Mobile Developer,current_custom_dataset
Unknown,Frontend Developer at Understanding Solutions,2,Unknown,English,,Teamwork,Frontend Developer,adzuna_api
"Cryptography, CCNA, Linux, Docker, Networking, Risk Assessment, Firewalls, Bash, Kubernetes, REST API",Linux administration,1,Bachelor,German,Kubernetes Basics,"Critical Thinking, Creativity, Attention to Detail",Cybersecurity Analyst,current_custom_dataset
"Vue.js, JavaScript, TypeScript, HTML, CSS, REST API, Axios, Git, Webpack, Vite",Front-end Developer,4,Unknown,Russian,,"Communication, Teamwork, Time Management, Attention to Detail",Frontend Developer,current_custom_dataset
"Testing, Node.js, Regression Testing, Dashboards, HTML, Firebase, Vite, TypeScript, Kubernetes, Postman",Portfolio projects,2,Bachelor,Kazakh,Cisco CCNA,"Attention to Detail, Problem Solving, Time Management, Adaptability",Frontend Developer,current_custom_dataset
"Incident Response, Data Cleaning, Security Monitoring, Cryptography, Docker, Networking, Monitoring, Risk Assessment, Regression Testing",Network administration,0,Master,English,Meta Frontend,"Leadership, Critical Thinking, Self Learning",Cybersecurity Analyst,current_custom_dataset
"API development, State Management, Postman, Kotlin, Dart",Computer Science degree,1,Bachelor,German,,"Time Management, Problem Solving, Teamwork",Mobile Developer,current_custom_dataset
"CI/CD, UI Design, Nginx, Docker, API Testing, Cryptography, Python",Linux administration,2,Bachelor,Russian,Oracle Java,"Problem Solving, Time Management",DevOps Engineer,current_custom_dataset
"Redis, PostgreSQL, Hibernate, Linux, CCNA, Git",Web development project,2,College,Russian,ISTQB Foundation,"Time Management, Creativity",Backend Developer,current_custom_dataset
"Model Evaluation, Jupyter, Data Cleaning, Python, Linux, CSS, API development, ML Pipelines, Docker, Feature Engineering",AI course,3,College,Kazakh,ISTQB Foundation,"Attention to Detail, Creativity",Machine Learning Engineer,current_custom_dataset
"Docker, Kubernetes, CI/CD, Python, Linux, MLflow, Airflow, Terraform, Monitoring, Cloud Computing",MLOps Engineer,2,Unknown,Russian,,"Analytical Thinking, Problem Solving, Communication, Teamwork",DevOps Engineer,current_custom_dataset
Unknown,Mobile Developer at External,2,Unknown,English,,"Communication, Problem Solving",Mobile Developer,adzuna_api
"SQL, PL/SQL, Data Warehousing, Data Analysis, Data Governance, Data Modeling, Requirements Analysis, DWH, Data Catalog",Data Analyst,3,Bachelor,Russian,,"Analytical Thinking, Communication, Stakeholder Management, Attention to Detail",Data Analyst,current_custom_dataset
excel,Trainee Data Analyst - job guarantee at Newto Training,1,Unknown,English,,"Communication, Problem Solving",Data Analyst,adzuna_api
"AWS, Terraform, SQL, Postman, Kubernetes, PostgreSQL, Monitoring, Networking, Hibernate",Deployment experience,2,Bachelor,Russian,Meta Frontend,"Teamwork, Problem Solving, Time Management, Creativity",DevOps Engineer,current_custom_dataset
"Model Evaluation, Feature Engineering, SQL, Scikit-learn, Statistics, Excel",Machine learning projects,1,Bachelor,Russian,Google Data Analytics,"Leadership, Attention to Detail, Teamwork, Time Management",Machine Learning Engineer,current_custom_dataset
"Jupyter, Tableau, Node.js, Power BI, Android, Scikit-learn, SQL, Data Cleaning, Visualization, A/B Testing, Hibernate",Business reporting,2,Bootcamp,English,ISTQB Foundation,"Teamwork, Self Learning, Adaptability",Data Analyst,current_custom_dataset
"React, JavaScript, TypeScript, HTML, CSS, Webpack, Vite, CI/CD, Performance Optimization, Git",Frontend Developer (Middle),4,Unknown,Russian,,"Analytical Thinking, Problem Solving, Communication, Self Learning",Frontend Developer,current_custom_dataset
"PostgreSQL, Postman, Python, React, Regression Testing, Spring Boot",API development,0,Bachelor,Turkish,AWS Cloud Practitioner,"Leadership, Teamwork, Communication, Problem Solving",Backend Developer,current_custom_dataset
machine learning,Machine Learning Engineer at ShopQuick ,2,Unknown,English,,Teamwork,Machine Learning Engineer,adzuna_api
"Node.js, JavaScript, TypeScript, GraphQL, REST API, WebSockets, MongoDB, PostgreSQL, Git, Docker",Middle Backend Developer (NodeJS),4,Unknown,Russian,AWS ,"Teamwork, Problem Solving, Analytical Thinking",Backend Developer,current_custom_dataset
machine learning,Machine Learning Engineer at Krotos,2,Unknown,English,,"Communication, Problem Solving",Machine Learning Engineer,adzuna_api
"Python, Machine Learning, Recommendation Systems, ALS, ANN, SQL, ClickHouse, FastAPI, Kafka, Airflow",ML Engineer,4,Unknown,Russian,none,"Analytical Thinking, Problem Solving, Communication, Attention to Detail",Machine Learning Engineer,current_custom_dataset
"Python, Test Automation, Pytest, Playwright, TypeScript, CI/CD, Docker, SQL",Senior Automation QA Engineer,4,Unknown,Russian,,"Leadership, Communication, Problem Solving, Analytical Thinking",QA Engineer,current_custom_dataset
"css, git, html, javascript, node.js",Frontend Developer at Jobvance,2,Unknown,English,,"Communication, Problem Solving",Frontend Developer,adzuna_api
"Manual Testing, Monitoring, Cloud security, Tableau, Bash, Networking, Linux",Cloud project,4,College,Turkish,Oracle Java,"Adaptability, Attention to Detail",DevOps Engineer,current_custom_dataset
machine learning,Machine Learning Engineer at Harnham - Data & Analytics Recruitment,4,Unknown,English,,"Communication, Problem Solving",Machine Learning Engineer,adzuna_api
"Python, SQL, Data Analysis, Statistics, A/B Testing, Machine Learning, Data Modeling, Big Data (Hadoop, Spark), BI Tools (Qlik, Tableau, Power BI), Airflow, MLflow, REST API",Senior Data Analyst,3,Bachelor,Russian,,"Analytical Thinking, Problem Solving, Communication, Critical Thinking",Data Analyst,current_custom_dataset
"Golang, PostgreSQL, Kafka, REST API, gRPC, Redis, Docker, Kubernetes, Git, CI/CD",Go Developer,2,Unknown,English,AWS,"Leadership, Analytical Thinking, Problem Solving, Teamwork",Backend Developer,current_custom_dataset
"C# (.NET), C++, PostgreSQL, REST API, gRPC, Microservices, Docker, Kubernetes, JWT, OAuth2, CI/CD, Git",Backend Developer,2,Bachelor,English,,"Problem Solving, Analytical Thinking, Teamwork, Attention to Detail",Backend Developer,current_custom_dataset
"Vite, Firewalls, Tailwind CSS, Data Cleaning, Monitoring, Git, React",Web development,3,Bachelor,Russian,ISTQB Foundation,"Problem Solving, Self Learning, Critical Thinking, Attention to Detail",Frontend Developer,current_custom_dataset
"PostgreSQL, ML Pipelines, Selenium, Docker, TensorFlow, Kotlin, Scikit-learn",Research project,3,College,Russian,Google Data Analytics,"Problem Solving, Creativity, Teamwork, Time Management",Machine Learning Engineer,current_custom_dataset
"Selenium, Manual Testing, Firewalls, Automation Testing, Java, Mobile Testing, Spring Boot, Postman, SIEM",Security course,0,Certification,German,,"Creativity, Time Management",QA Engineer,current_custom_dataset
"machine learning, monitoring",Machine Learning Engineer at Lorien,4,Unknown,English,,"Communication, Problem Solving",Machine Learning Engineer,adzuna_api
"Git, Model Evaluation, Incident Response, Testing, React, UI Design, TypeScript",Linux administration,0,College,Russian,Meta Frontend,"Teamwork, Time Management",Frontend Developer,current_custom_dataset
"Python, MLOps, MLflow, AWS, Kubernetes, Docker, CI/CD, Terraform, Data Pipelines, Monitoring",MLOPS Engineer,4,Unknown,English,AWS,"Leadership, Analytical Thinking, Problem Solving, Communication",Machine Learning Engineer,current_custom_dataset
"Docker, Jira, Linux, CI/CD, Microservices, AWS, Spring Boot",Backend internship,0,Bachelor,German,Cisco CCNA,"Creativity, Adaptability",Backend Developer,current_custom_dataset
"Cryptography, SIEM, PostgreSQL, Redis, Terraform, Networking, Cloud security",Security course,3,Bachelor,Russian,TensorFlow Developer,"Creativity, Teamwork, Problem Solving, Time Management",Cybersecurity Analyst,current_custom_dataset
"Docker, Kubernetes, Helm, Git, GitLab CI/CD, Linux, Networking (DNS, HTTP/HTTPS, TCP/IP), Monitoring (Grafana, Zabbix, Loki), CI/CD, DevOps",DevOps Engineer,2,Bachelor,Russian,none,"Problem Solving, Analytical Thinking, Communication, Responsibility",DevOps Engineer,current_custom_dataset
machine learning,Machine Learning Engineer at Information Tech Consultants,5,Unknown,English,,"Communication, Problem Solving",Machine Learning Engineer,adzuna_api
"Test Cases, Scikit-learn, SQL, Postman, A/B Testing, Selenium, Security Monitoring, Regression Testing",Bug tracking experience,1,Bachelor,German,,"Attention to Detail, Communication, Adaptability",QA Engineer,current_custom_dataset
Unknown,Mobile Application Development Lead at Artis Recruitment,2,Unknown,English,,Teamwork,Mobile Developer,adzuna_api
"cybersecurity, security",ITS Cybersecurity - Sr. Analyst at Deloitte,4,Unknown,English,,Teamwork,Cybersecurity Analyst,adzuna_api
"cybersecurity, security",Agentic AI Security Engineer at Intec Select Ltd,3,Unknown,English,,Teamwork,Cybersecurity Analyst,adzuna_api
"Vue 3, Nuxt.js, TypeScript, JavaScript, Vuex/Pinia, Axios, HTML5, CSS3, TailwindCSS, Bootstrap, Webpack/Vite, Git",Middle Frontend Developer,3,Bachelor,English,,"Time Management, Communication, Multitasking, Teamwork",Frontend Developer,current_custom_dataset
"android, cybersecurity, security",Android Mobile Developer at Darktrace,2,Unknown,English,,"Communication, Problem Solving",Mobile Developer,adzuna_api
"Data Cleaning, Feature Engineering, Postman, Model Evaluation, Statistics, NumPy, Jupyter",Web development project,2,Certification,Kazakh,Cisco CCNA,"Leadership, Attention to Detail",Machine Learning Engineer,current_custom_dataset
"qa, security",QA Engineer (Product - Telephony) at Saab UK,2,Unknown,English,,"Communication, Problem Solving",QA Engineer,adzuna_api
"Business reporting, Statistics, Power BI, Visualization, SQL, Pandas, GitHub Actions",Data analysis projects,3,College,Kazakh,AWS Cloud Practitioner,"Teamwork, Self Learning, Time Management",Data Analyst,current_custom_dataset
"Business reporting, Figma, Scikit-learn, Python, Jupyter, NumPy, Android, Responsive Design, Power BI, Tableau",Business reporting,2,Master,Turkish,Kubernetes Basics,"Adaptability, Creativity, Critical Thinking",Data Analyst,current_custom_dataset
"Networking, PostgreSQL, Docker, GitHub Actions, System administration, Monitoring, CCNA, Linux",Deployment experience,0,Bachelor,German,Oracle Java,"Leadership, Attention to Detail",DevOps Engineer,current_custom_dataset
"AWS, Visualization, Machine Learning, State Management, SQL, Tableau, Jupyter, Business reporting",Statistics course,2,College,Kazakh,Cisco CCNA,"Attention to Detail, Self Learning, Critical Thinking",Data Analyst,current_custom_dataset
"api, qa, testing",QA Engineer Insurance Claims system at Hireful,2,Unknown,English,,Teamwork,QA Engineer,adzuna_api
"Vite, A/B Testing, JavaScript, Figma, Testing, Postman, TypeScript, Spring Boot, UI Design",Computer Science degree,3,Bachelor,English,ISTQB Foundation,"Attention to Detail, Communication, Time Management",Frontend Developer,current_custom_dataset
"Golang, gRPC, REST API, PostgreSQL, Kafka, Redis, Docker, Git, CI/CD, Microservices",Backend Go Developer,4,Unknown,Russian,,"Analytical Thinking, Problem Solving, Teamwork",Backend Developer,current_custom_dataset
"Monitoring, PostgreSQL, System administration, Security Monitoring, Node.js, Terraform, AWS, Bash",Network administration,2,Master,Kazakh,Cisco CCNA,"Problem Solving, Leadership",DevOps Engineer,current_custom_dataset
"React, JavaScript, TypeScript, HTML, CSS, REST API, Git, Unit Testing, Node.js, CI/CD",Frontend Developer (React),4,Unknown,Russian,,"Teamwork, Communication, Problem Solving, Self Learning",Frontend Developer,current_custom_dataset
"cybersecurity, security",Senior Cybersecurity Analyst (SOC) at S-RM,4,Unknown,English,,Problem Solving,Cybersecurity Analyst,adzuna_api
"Bug Reporting, Regression Testing, Web development, Monitoring, Git, Automation Testing",Statistics course,2,Bachelor,German,Kubernetes Basics,"Self Learning, Leadership, Adaptability, Critical Thinking",QA Engineer,current_custom_dataset
"Risk Assessment, Scikit-learn, Feature Engineering, Redis, Data Cleaning, Cloud project, Statistics, Model Evaluation, Python",AI course,2,Bachelor,English,Cisco CCNA,"Critical Thinking, Creativity, Adaptability",Machine Learning Engineer,current_custom_dataset
Unknown,Frontend Developer at Brio Digital,2,Unknown,English,,Teamwork,Frontend Developer,adzuna_api
"Python, Computer Vision, OpenCV, PyTorch, TensorFlow, Machine Learning, Image Processing, Docker, Git, Linux",AI Engineer / Computer Vision,2,unknown,Russian,,"Analytical Thinking, Problem Solving, Attention to Detail, Adaptability",Machine Learning Engineer,current_custom_dataset
ci/cd,DevOps Engineer at Sanderson,2,Unknown,English,,Teamwork,DevOps Engineer,adzuna_api
"Kubernetes, Docker, CI/CD, GitLab CI, GitHub Actions, Linux, Networking (TCP/IP, VPN, DNS), HashiCorp Vault, Kafka, RabbitMQ, PostgreSQL, Helm, Prometheus, Grafana, ELK/Loki, Git",Senior DevOps Engineer,4,Bachelor,Russian,Optional (Kubernetes/AWS/Vault),"Problem Solving, Analytical Thinking, Responsibility, Communication",DevOps Engineer,current_custom_dataset
excel,Trainee Data Analyst at Newto Training,1,Unknown,English,,"Communication, Problem Solving",Data Analyst,adzuna_api
Unknown,Senior DevOps Engineer at Leidos,4,Unknown,English,,Teamwork,DevOps Engineer,adzuna_api
"Mobile UI, Pandas, Statistics, Python, Feature Engineering, SQL, API development",Kaggle experience,0,Bootcamp,Turkish,Google Data Analytics,"Attention to Detail, Leadership",Machine Learning Engineer,current_custom_dataset
"PostgreSQL, Cryptography, SIEM, Mobile UI, Wireshark, TensorFlow, Security Monitoring",Security course,3,Bootcamp,English,ISTQB Foundation,"Attention to Detail, Communication, Problem Solving, Time Management",Cybersecurity Analyst,current_custom_dataset
"python, sql",Data Analyst at Harnham - Data & Analytics Recruitment,2,Unknown,English,,"Communication, Problem Solving",Data Analyst,adzuna_api
"Machine Learning, Dashboards, Statistics, Python, Firewalls, Pandas, Monitoring, Excel, Business reporting",Statistics course,4,Certification,German,Kubernetes Basics,"Self Learning, Communication, Creativity, Attention to Detail",Data Analyst,current_custom_dataset
"Java, UI Design, REST API, Terraform, Firebase, CCNA, Hibernate, Testing, Flutter, API development, Dart",App portfolio,1,College,German,Oracle Java,"Teamwork, Problem Solving, Leadership",Mobile Developer,current_custom_dataset
machine learning,Principal Machine Learning Engineer at National Highways,1,Unknown,English,,"Communication, Problem Solving",Machine Learning Engineer,adzuna_api
"Manual Testing, REST API, SQL, Bash, API Testing, Jira",Bug tracking experience,4,College,Russian,Meta Frontend,"Problem Solving, Time Management, Creativity",QA Engineer,current_custom_dataset
"React, TypeScript, JavaScript, Redux, REST API, gRPC, Git, CI/CD, Performance Optimization, UI Development",Senior React Developer,4,Unknown,Russian,,"Leadership, Communication, Analytical Thinking, Problem Solving",Frontend Developer,current_custom_dataset
"Kubernetes, Linux, Terraform, Ansible, CI/CD, Databases, Python, Bash",DevOps Engineer,4,Unknown,Russian,none,"Problem Solving, Analytical Thinking, Responsibility, Communication",DevOps Engineer,current_custom_dataset
"Python, Docker, Cryptography, Feature Engineering, Mobile UI, SQL, Spring Boot",Computer Science degree,3,Bachelor,German,AWS Cloud Practitioner,"Self Learning, Teamwork, Adaptability, Problem Solving",Backend Developer,current_custom_dataset
"Python, FastAPI, Flask, Django, AWS, REST API, Docker, CI/CD, SQL, Data Engineering",Senior Python Developer,7,Unknown,English,AWS ,"Analytical Thinking, Problem Solving, Communication, Self Learning",Backend Developer,current_custom_dataset
"Bash, Automation Testing, Networking, Feature Engineering, Security Monitoring, UI Design, Python",Linux administration,2,Master,English,Kubernetes Basics,"Self Learning, Time Management, Problem Solving",Cybersecurity Analyst,current_custom_dataset
Unknown,Backend Developer at The Portfolio Group,2,Unknown,English,,Teamwork,Backend Developer,adzuna_api
"Nginx, Python, Microservices, Cryptography, CI/CD, Spring Boot, Redis, Linux, Git",Computer Science degree,3,Certification,Kazakh,Cisco CCNA,"Communication, Adaptability",Backend Developer,current_custom_dataset
Unknown,Lead Software Engineer - Mobile Development (Crypto Wallets) - 100% remote at Tether Operations Limited,2,Unknown,English,,"Communication, Problem Solving",Mobile Developer,adzuna_api
"Hibernate, Security Monitoring, Networking, Bash, Risk Assessment",Security course,2,Certification,German,TensorFlow Developer,"Problem Solving, Attention to Detail",Cybersecurity Analyst,current_custom_dataset
Unknown,Data Analyst at Equals One,2,Unknown,English,,Teamwork,Data Analyst,adzuna_api
"Scikit-learn, Wireshark, Cloud project, Node.js, Testing, HTML, React",UI implementation,1,Bachelor,Turkish,,"Critical Thinking, Adaptability",Frontend Developer,current_custom_dataset
"React, Next.js, TypeScript, JavaScript, REST API, WebSockets, JWT, Git, CI/CD, State Management",Front-end Developer,2,Unknown,Russian,,"Teamwork, Communication, Problem Solving, Analytical Thinking",Frontend Developer,current_custom_dataset
"Excel, Kotlin, Pandas, Visualization, Statistics, State Management, Tableau, Dashboards, A/B Testing, Jupyter",Mobile internship,0,College,Turkish,Kubernetes Basics,"Critical Thinking, Communication, Attention to Detail",Data Analyst,current_custom_dataset
"Firewalls, Mobile UI, System administration, Risk Assessment, CCNA, Docker, Linux, SIEM, AWS, A/B Testing, Wireshark",CTF practice,2,Certification,German,ISTQB Foundation,"Communication, Attention to Detail, Adaptability",Cybersecurity Analyst,current_custom_dataset
"SQL, Cryptography, UI Design, TypeScript, Selenium, Postman, Python",Web development,4,Bachelor,Turkish,TensorFlow Developer,"Leadership, Attention to Detail",QA Engineer,current_custom_dataset
"Kotlin, SQLite, Tableau, Java, Networking, API Testing, UI Design, Testing, Mobile UI",Machine learning projects,2,College,German,Oracle Java,"Attention to Detail, Critical Thinking, Creativity",Mobile Developer,current_custom_dataset
"Java, Dart, State Management, Visualization, Data Cleaning, Flutter",Mobile internship,3,Bachelor,Kazakh,Cisco CCNA,"Creativity, Adaptability, Problem Solving",Mobile Developer,current_custom_dataset
"Cloud security, Python, Monitoring, System administration, Firewalls, A/B Testing, Data Cleaning, Security Monitoring, Docker",Statistics course,2,Bachelor,English,AWS Cloud Practitioner,"Critical Thinking, Self Learning",Cybersecurity Analyst,current_custom_dataset
"PostgreSQL, React, Java, AWS, Selenium, Bug Reporting, Jupyter, Hibernate, Nginx",Security course,1,Bachelor,English,Google Data Analytics,"Adaptability, Communication",Backend Developer,current_custom_dataset
excel,Data Analyst - No experience needed at Newto Training,1,Unknown,English,,"Communication, Problem Solving",Data Analyst,adzuna_api
"Kotlin, Java, QA Automation, Appium, Selenium, RestAssured, Postman, API Testing, UI Testing, Git, Jira, Confluence, CI/CD",QA Engineer,2,Bachelor,English,,"Analytical Thinking, Attention to Detail, Communication, Problem Solving",QA Engineer,current_custom_dataset
"Python, Machine Learning, PyTorch, scikit-learn, LLM, RAG, LangChain, SQL, AWS, Data Analysis",Middle Machine Learning Engineer,4,Bachelor,English,AWS,"Analytical Thinking, Problem Solving, Communication, Adaptability",Machine Learning Engineer,current_custom_dataset
"Linux, Business reporting, Redis, Selenium, CI/CD, Microservices, Spring Boot, Docker, TensorFlow",Cloud project,4,Bootcamp,German,Kubernetes Basics,"Adaptability, Self Learning",Backend Developer,current_custom_dataset
"Monitoring, Kubernetes, Nginx, AWS, CI/CD, Cloud project, Cloud security",Deployment experience,1,Bootcamp,German,Google Data Analytics,"Communication, Adaptability, Attention to Detail",DevOps Engineer,current_custom_dataset
"PHP, Laravel, Symfony, MySQL, PostgreSQL, REST API, Git, OOP, MVC, Web Development",PHP Developer,2,Unknown,Russian,,"Teamwork, Communication, Problem Solving, Attention to Detail",Backend Developer,current_custom_dataset
Unknown,Backend Developer at Research Central,2,Unknown,English,,Teamwork,Backend Developer,adzuna_api
excel,Data Analyst Associate - no experience necessary at Newto Training,1,Unknown,English,,"Communication, Problem Solving",Data Analyst,adzuna_api
"Business reporting, Bug Reporting, UI Design, Postman, API Testing, SQL",Database design,2,College,English,ISTQB Foundation,"Attention to Detail, Communication, Creativity, Problem Solving",QA Engineer,current_custom_dataset
"SIEM, Incident Response, Security Monitoring, Wireshark, Cloud security, Pandas, Monitoring, Risk Assessment",QA internship,2,Certification,German,,"Critical Thinking, Self Learning, Communication, Problem Solving",Cybersecurity Analyst,current_custom_dataset
machine learning,Senior Data & Machine Learning Engineer at Forward Role,4,Unknown,English,,Teamwork,Machine Learning Engineer,adzuna_api
"Golang, PostgreSQL, REST API, Git, Linux, CI/CD",Backend GO Developer,2,Unknown,Russian,,"Analytical Thinking, Problem Solving, Teamwork",Backend Developer,current_custom_dataset
"Linux, CI/CD, Docker, Cloud Computing, Infrastructure as Code, Databases",Trainee,0,Unknown,English,,"Analytical Thinking, Learning Ability, Responsibility, Communication",DevOps Engineer,current_custom_dataset
"api, qa, testing",QA Engineer at Zfort Group,2,Unknown,English,,"Teamwork, Attention to Detail",QA Engineer,adzuna_api
"Selenium, CI/CD, Postman, Redis, Java, Git, SQL, Python, SIEM, Spring Boot",Frontend internship,2,Bachelor,Kazakh,TensorFlow Developer,"Leadership, Critical Thinking",Backend Developer,current_custom_dataset
"Linux, Docker, AWS, CI/CD, Nginx, Monitoring, Databases, Bash",DevOps Engineer,4,Unknown,English,,"Responsibility, Problem Solving, Analytical Thinking, Communication",DevOps Engineer,current_custom_dataset
Unknown,Mobile developer at Advance Digital Experts S.L,2,Unknown,English,,"Teamwork, Attention to Detail",Mobile Developer,adzuna_api
"Pandas, Power BI, Dashboards, Statistics, Data Cleaning, Tailwind CSS, Visualization",Data analysis projects,3,Bootcamp,Russian,Cisco CCNA,"Teamwork, Critical Thinking, Communication, Time Management",Data Analyst,current_custom_dataset
"Python, Computer Vision, OpenCV, PyTorch, TensorFlow, Deep Learning, Object Detection, Action Recognition, Docker, REST API",ML Engineer / CV Engineer,2,Unknown,Russian,,"Analytical Thinking, Problem Solving, Attention to Detail, Adaptability",Machine Learning Engineer,current_custom_dataset
"azure, testing",DevOps Engineer at Harvey Nash,2,Unknown,English,,"Communication, Problem Solving",DevOps Engineer,adzuna_api
"Python, Power Automate, RPA, REST API, TensorFlow, System Integration, SQL, Automation Tools",AI Engineer,2,Bachelor,English,,"Problem Solving, Analytical Thinking, Communication, Adaptability",Machine Learning Engineer,current_custom_dataset
"Mobile UI, Web development, Automation Testing, Python, API Testing",QA internship,2,Bachelor,Turkish,ISTQB Foundation,"Teamwork, Adaptability",QA Engineer,current_custom_dataset
"Scikit-learn, Python, Jupyter, Tableau, Machine Learning, Bug Reporting, SQL, Statistics",Web development project,3,Bachelor,German,Cisco CCNA,"Adaptability, Self Learning",Data Analyst,current_custom_dataset
"Python, SQL, Machine Learning, Statistics, ETL, Oracle, Qlik Sense, Data Analysis, Forecasting",Middle Data Scientist,4,Bachelor,Russian,,"Analytical Thinking, Problem Solving, Communication, Attention to Detail",Machine Learning Engineer,current_custom_dataset
"Tableau, Python, Terraform, Linux, Bash, Docker",Cloud project,0,Bootcamp,Kazakh,ISTQB Foundation,"Critical Thinking, Attention to Detail, Time Management",DevOps Engineer,current_custom_dataset
"CI/CD, GitHub Actions, Terraform, Redis, PostgreSQL, TypeScript, Cloud project, Networking",Network administration,3,College,English,Google Data Analytics,"Problem Solving, Communication, Critical Thinking",DevOps Engineer,current_custom_dataset
"Bug Reporting, Postman, Python, Web development, Figma",API testing project,1,Bachelor,Kazakh,Meta Frontend,"Problem Solving, Teamwork, Leadership",QA Engineer,current_custom_dataset
"Manual Testing, API Testing (Postman, Swagger), SQL, Jira, TestRail, Allure, ELK, HTTP/HTTPS, Charles, Fiddler",QA Engineer,2,Bachelor,Russian,none,"Attention to Detail, Analytical Thinking, Communication, Problem Solving",QA Engineer,current_custom_dataset
"Javascript, React, Vue.js, HTML/CSS, Git, API, Vite, Webpack",Front-end Developer,2,Bachelor,Russian,,"Teamwork, Problem Solving, Attention to Detail",Frontend Developer,current_custom_dataset
Unknown,Senior Mobile Developer at ByteHire,4,Unknown,English,,"Communication, Problem Solving",Mobile Developer,adzuna_api
"React, Firebase, Responsive Design, Vite, Tailwind CSS, REST API, Figma, CSS, Cloud project, Postman",Computer Science degree,3,Master,German,ISTQB Foundation,"Creativity, Adaptability, Time Management, Communication",Frontend Developer,current_custom_dataset
react,Senior Frontend Developer at NearTech Search,4,Unknown,English,,Teamwork,Frontend Developer,adzuna_api
"React, JavaScript, TypeScript, HTML, CSS, REST API, UI Development, Git, Data Visualization, ESLint",Middle Frontend Developer (React),2,Bachelor,Russian,,"Teamwork, Communication, Creativity, Problem Solving",Frontend Developer,current_custom_dataset
"Kubernetes, Docker, CI/CD, Linux, PostgreSQL, Nginx, Monitoring, Networking",DevOps Team Lead,4,Unknown,Russian,,"Leadership, Problem Solving, Responsibility, Communication",DevOps Engineer,current_custom_dataset
"React, TypeScript, UI Kit, Component Architecture, JavaScript, ESLint, Prettier, Data Visualization",Middle Frontend Developer,2,Bachelor,English,none,"Teamwork, Communication, Creativity, Problem Solving",Frontend Developer,current_custom_dataset
"Model Evaluation, Feature Engineering, TensorFlow, AWS, ML Pipelines, REST API",Machine learning projects,0,Bootcamp,Turkish,Google Data Analytics,"Communication, Creativity, Self Learning, Time Management",Machine Learning Engineer,current_custom_dataset
machine learning,Senior Machine Learning Engineer at SR2 | Socially Responsible Recruitment | Certified B Corporation™,4,Unknown,English,,"Communication, Problem Solving",Machine Learning Engineer,adzuna_api
"Feature Engineering, GitHub Actions, Cloud project, Monitoring, Kotlin, Terraform, Linux, Jira",Linux administration,0,Bachelor,German,AWS Cloud Practitioner,"Problem Solving, Time Management, Creativity",DevOps Engineer,current_custom_dataset
"API development, Python, Cloud project, Nginx, Redis, Monitoring, CI/CD, Bash, System administration, AWS",Linux administration,1,Bachelor,Kazakh,,"Attention to Detail, Critical Thinking, Communication, Teamwork",DevOps Engineer,current_custom_dataset
"Mobile Testing, Selenium, Git, Docker, Java, REST API, JavaScript, API development, Postman, Bug Reporting, Jira",Bug tracking experience,2,Certification,Russian,AWS Cloud Practitioner,"Adaptability, Creativity",QA Engineer,current_custom_dataset
"SQL, UI Design, React, Mobile UI, Android, Vite, Git, Risk Assessment, API development, REST API",Firebase project,1,Bachelor,Kazakh,Kubernetes Basics,"Problem Solving, Time Management, Leadership",Mobile Developer,current_custom_dataset
"Monitoring, Firewalls, Node.js, Incident Response, Wireshark, SIEM, Networking, CCNA",Linux administration,2,Certification,Russian,ISTQB Foundation,"Critical Thinking, Creativity",Cybersecurity Analyst,current_custom_dataset
"Postman, Security Monitoring, Incident Response, Spring Boot, Docker, Redis, React, HTML, AWS, Git",Backend internship,4,Bootcamp,German,Meta Frontend,"Leadership, Communication",Backend Developer,current_custom_dataset
qa,Senior Backend Developer at TripleTen,4,Unknown,English,,"Communication, Problem Solving",Backend Developer,adzuna_api
"Nginx, Linux, Kubernetes, Docker, System administration, Redis, Hibernate, Python",Bug tracking experience,2,Bachelor,Turkish,TensorFlow Developer,"Self Learning, Attention to Detail",DevOps Engineer,current_custom_dataset
"Java, State Management, SQL, REST API, Kotlin, UI Design, React, Dart, Flutter",Computer Science degree,0,Bachelor,Kazakh,Meta Frontend,"Self Learning, Attention to Detail, Problem Solving",Mobile Developer,current_custom_dataset
"REST API, Python, Kubernetes, Docker, CSS, Git",Computer Science degree,0,College,Kazakh,TensorFlow Developer,"Critical Thinking, Adaptability, Attention to Detail, Teamwork",Backend Developer,current_custom_dataset
Unknown,Mobile App Developer at Brunning & Price,2,Unknown,English,,Teamwork,Mobile Developer,adzuna_api
Unknown,Senior Data Analyst at Talent Finder,4,Unknown,English,,Teamwork,Data Analyst,adzuna_api
"Python, SQL, Machine Learning, pandas, numpy, scikit-learn, A/B Testing, Recommendation Systems, Docker, Git",ML Engineer,2,Unknown,Russian,,"Analytical Thinking, Problem Solving, Communication, Attention to Detail",Machine Learning Engineer,current_custom_dataset
"SQL (Expert), Python, Product Analytics, A/B Testing, Data Strategy, Data Modeling, BI Tools (Tableau, Amplitude, Metabase), Unit Economics, Metrics Design",Data Analyst,7,Bachelor,English,,"Leadership, Strategic Thinking, Decision Making, Mentoring, Stakeholder Management",Data Analyst,current_custom_dataset
"azure, cybersecurity, networking, security, siem",Trainee Junior Product Cybersecurity Analyst (IoT) at Newto Training,1,Unknown,English,Cisco CCNA,"Communication, Problem Solving",Cybersecurity Analyst,adzuna_api
"HTML, CSS, JavaScript, Responsive Design, Figma, CMS, WordPress, Tilda, Google Analytics, A/B Testing",Junior Frontend Developer ,0,Unknown,Russian,,"Adaptability, Communication, Time Management, Self Learning",Frontend Developer,current_custom_dataset
"Node.js, TypeScript, REST API, PostgreSQL, Redis, RabbitMQ, Git, Microservices",Backend Developer,2,Bachelor,Russian,,"Teamwork, Problem Solving, Analytical Thinking",Backend Developer,current_custom_dataset
"Java, Spring Boot, REST API, PostgreSQL, MongoDB, Redis, Kafka, Docker, Kubernetes, Microservices",Senior Java Backend Developer,4,Unknown,Russian,,"Leadership, Analytical Thinking, Problem Solving, Teamwork",Backend Developer,current_custom_dataset
aws,Backend Developer at Spectrum IT Recruitment,2,Unknown,English,AWS Cloud Practitioner,Teamwork,Backend Developer,adzuna_api
"android, ios",Software Developer – Mobile (iOS / Android) at AWD online,2,Unknown,English,,Teamwork,Mobile Developer,adzuna_api
"Python, PyTorch, LLM, RAG, LangChain, FastAPI, Docker, Kubernetes, Vector Databases, CI/CD",AI Engineer,4,Unknown,English,,"Analytical Thinking, Problem Solving, Communication, Adaptability",Machine Learning Engineer,current_custom_dataset
"python, qa",Junior Automation QA Engineer at Morgan McKinley,1,Unknown,English,,Teamwork,QA Engineer,adzuna_api
react,Mobile Developer - React Native (100% Remote Worldwide) at Bitfinex,2,Unknown,English,,"Communication, Problem Solving",Mobile Developer,adzuna_api
security,Frontend Developer at Accenture,5,Unknown,English,,"Communication, Problem Solving",Frontend Developer,adzuna_api
"Docker, Kubernetes (RKE/OpenShift), Helm, Terraform, Ansible, GitLab CI/CD, ArgoCD, Nexus, Vault, Kafka, RabbitMQ, PostgreSQL, MongoDB, Linux, Monitoring (Prometheus, Grafana, ELK, Zabbix), Networking (OSI, TCP/IP), VMware",DevOps Engineer,3,Bachelor,Russian,,"Problem Solving, Analytical Thinking, Communication, Responsibility",DevOps Engineer,current_custom_dataset
"Kotlin, Android SDK, Jetpack Compose, ViewModel, Room, Navigation Component, Hilt, REST API, Git, CI/CD",Middle Android Developer,2,Unknown,Russian,,"Leadership, Analytical Thinking, Problem Solving, Teamwork",Mobile Developer,current_custom_dataset
"Kubernetes, Redis, Android, Testing, Nginx",Network administration,5,Bootcamp,Turkish,ISTQB Foundation,"Critical Thinking, Self Learning, Adaptability, Attention to Detail",DevOps Engineer,current_custom_dataset
"Bash, React, Git, Postman, CSS, REST API, JavaScript",Portfolio projects,1,College,Russian,Meta Frontend,"Leadership, Communication, Attention to Detail, Problem Solving",Frontend Developer,current_custom_dataset
"Python, SQL, Machine Learning, MLOps, MLflow, Feature Store, FastAPI, REST API, Docker, Kubernetes",Senior Machine Learning Engineer,4,Unknown,Russian,,"Leadership, Analytical Thinking, Problem Solving, Communication",Machine Learning Engineer,current_custom_dataset
"Feature Engineering, Linux, SQL, Jupyter, Nginx, Python",Kaggle experience,0,Bachelor,Russian,Kubernetes Basics,"Adaptability, Time Management, Self Learning, Problem Solving",Machine Learning Engineer,current_custom_dataset
react,React Frontend Developer at Hunter Bond,2,Unknown,English,,Teamwork,Frontend Developer,adzuna_api
"Linux, Docker, Kubernetes, Kafka, CI/CD, Airflow, Nginx, Terraform, Python",DevOps Engineer,4,Unknown,English,none,"Problem Solving, Analytical Thinking, Responsibility, Communication",DevOps Engineer,current_custom_dataset
"UI Design, API development, Android, Mobile UI, NumPy, React, Git, Flutter, Dart",Mobile app project,2,Bachelor,Kazakh,,"Time Management, Leadership, Creativity",Mobile Developer,current_custom_dataset
"Terraform, AWS, Spring Boot, Docker, Java, Python, Monitoring, TensorFlow",Network administration,1,Bachelor,Turkish,ISTQB Foundation,"Attention to Detail, Leadership, Creativity, Critical Thinking",DevOps Engineer,current_custom_dataset
"Testing, Firebase, State Management, Linux, Android",Computer Science degree,2,Bachelor,Kazakh,TensorFlow Developer,"Creativity, Self Learning, Adaptability, Problem Solving",Mobile Developer,current_custom_dataset
"Visualization, Firebase, Manual Testing, A/B Testing, Tableau, Machine Learning, Dashboards, JavaScript, Python, Business reporting",Research project,0,Bachelor,Kazakh,Cisco CCNA,"Teamwork, Critical Thinking, Leadership",Data Analyst,current_custom_dataset
"State Management, Redis, Microservices, Manual Testing, Postman, REST API, React, Nginx, Android",Computer Science degree,1,College,Turkish,Meta Frontend,"Creativity, Teamwork, Communication, Problem Solving",Backend Developer,current_custom_dataset
"Node.js, React, Shopify API, GraphQL, OAuth 2.0, Webhooks, REST API, AWS, Git",Shopify App Developer,4,Unknown,English,AWS,"Problem Solving, Analytical Thinking, Self Learning, Communication",Backend Developer,current_custom_dataset
"Docker, Python, Model Evaluation, API development, SQLite, NumPy, Bash, Dart",Computer Science degree,0,Master,Turkish,Oracle Java,"Teamwork, Creativity, Adaptability",Machine Learning Engineer,current_custom_dataset
"Azure, Kubernetes, Docker, Terraform, CI/CD, Bitbucket, PowerShell, Bash, Python, Ansible, Monitoring (Prometheus, Grafana)",Junior DevOps Engineer,1,Bachelor,English,none,"Communication, Problem Solving, Learning Ability, Teamwork",DevOps Engineer,current_custom_dataset
"NumPy, Business reporting, SQL, Pandas, HTML, Feature Engineering, Vite, Statistics, Machine Learning",Firebase project,3,Bachelor,Turkish,Google Data Analytics,"Time Management, Communication, Creativity, Critical Thinking",Data Analyst,current_custom_dataset
machine learning,Bio Machine Learning Engineer at SR2 | Socially Responsible Recruitment | Certified B Corporation™,2,Unknown,English,,Teamwork,Machine Learning Engineer,adzuna_api
"TypeScript, Testing, Figma, Vite, JavaScript, Postman, UI Design, CSS, Firebase, Test Cases",Firebase project,1,Master,Kazakh,TensorFlow Developer,"Attention to Detail, Time Management, Self Learning, Problem Solving",Frontend Developer,current_custom_dataset
"Kubernetes, Docker, CI/CD, GitLab CI, Terraform, Ansible, AWS, Yandex Cloud, Linux, Networking, Prometheus, Grafana, ELK, Python, Bash",Senior DevOps Engineer,4,Bachelor,Russian,Optional (AWS/Kubernetes),"Problem Solving, Leadership, Communication, Analytical Thinking, Responsibility",DevOps Engineer,current_custom_dataset
"JavaScript, React, Vue.js, HTML, CSS, REST API, Git, Webpack, Vite, Performance Optimization",Front-end Developer,2,Unknown,Russian,,"Teamwork, Communication, Problem Solving, Attention to Detail",Frontend Developer,current_custom_dataset
"Automation Testing, ML Pipelines, REST API, Git, Java, Test Cases, Kotlin, UI Design",Software testing course,2,College,Russian,Google Data Analytics,"Creativity, Adaptability, Self Learning, Attention to Detail",QA Engineer,current_custom_dataset
Unknown,Data Analyst at S. Norton & Co Ltd,2,Unknown,English,,"Communication, Problem Solving",Data Analyst,adzuna_api
"Git, Vite, Node.js, JavaScript, Machine Learning, Linux, CSS, Incident Response",Portfolio projects,2,Master,Turkish,ISTQB Foundation,"Creativity, Time Management, Teamwork, Self Learning",Frontend Developer,current_custom_dataset
"SQL, Python (pandas, numpy), Data Analysis, Data Visualization (Power BI, Tableau), Statistics, Predictive Analytics, Business Analysis",Data Analyst,0,Bachelor,English,,"Analytical Thinking, Communication, Attention to Detail, Problem Solving",Data Analyst,current_custom_dataset
"Model Evaluation, Statistics, API Testing, SQL, Python",Data analysis projects,1,Bootcamp,English,ISTQB Foundation,"Time Management, Communication",Machine Learning Engineer,current_custom_dataset
machine learning,Machine Learning Engineer at Sanderson,2,Unknown,English,,"Communication, Problem Solving",Machine Learning Engineer,adzuna_api
"ci/cd, java, qa, selenium",Senior QA Engineer at Harvey Nash,4,Unknown,English,,"Communication, Problem Solving",QA Engineer,adzuna_api
"Spring Boot, API Testing, Python, SQL, Git",Web development project,4,Master,Russian,Oracle Java,"Critical Thinking, Adaptability",Backend Developer,current_custom_dataset
machine learning,Frontend Developer at Ibex.ai,2,Unknown,English,,"Communication, Problem Solving",Frontend Developer,adzuna_api
security,Threat Detection Engineer - Hybrid / Remote at Additional Resources Ltd,2,Unknown,English,,"Communication, Problem Solving",Cybersecurity Analyst,adzuna_api
Unknown,Data Analyst at Tenth Revolution Group,1,Unknown,English,,Teamwork,Data Analyst,adzuna_api
"React, Next.js, TypeScript, JavaScript, WebSockets, SSE, Microfrontends, CI/CD, Performance Optimization, UI Development",Senior Frontend Developer,4,Unknown,Russian,,"Leadership, Communication, Analytical Thinking, Problem Solving",Frontend Developer,current_custom_dataset
"API Testing, SQL, Mobile Testing, Python, Jira, Jupyter, Web development, Manual Testing, Selenium",Testing project,2,College,Turkish,Kubernetes Basics,"Problem Solving, Attention to Detail",QA Engineer,current_custom_dataset
"UI Design, Web development, Java, Risk Assessment, Python, Bug Reporting, Postman, Test Cases",API testing project,1,Bachelor,Kazakh,Oracle Java,"Leadership, Attention to Detail, Adaptability",QA Engineer,current_custom_dataset
"CI/CD, State Management, Hibernate, Testing, PostgreSQL, CSS, REST API, Microservices, Spring Boot, AWS",Computer Science degree,2,Master,English,Oracle Java,"Time Management, Self Learning, Attention to Detail",Backend Developer,current_custom_dataset
"Web development, Python, Bash, CI/CD, Nginx, AWS, Mobile UI, Docker",Network administration,2,Bachelor,Russian,Oracle Java,"Teamwork, Time Management",DevOps Engineer,current_custom_dataset
"qa, testing",QA/Test Engineer at IT Search & Select,2,Unknown,English,,Teamwork,QA Engineer,adzuna_api
"TypeScript, SQL, ML Pipelines, CSS, iOS, Node.js, Responsive Design",Frontend internship,2,Master,English,AWS Cloud Practitioner,"Attention to Detail, Leadership",Frontend Developer,current_custom_dataset
"Regression Testing, Git, SQL, API Testing, Jira, System administration, ML Pipelines",Computer Science degree,0,Bachelor,Kazakh,Meta Frontend,"Leadership, Creativity, Critical Thinking, Attention to Detail",QA Engineer,current_custom_dataset
"Pandas, Cloud project, Git, Wireshark, Feature Engineering, Model Evaluation",AI course,2,College,Kazakh,ISTQB Foundation,"Time Management, Attention to Detail, Adaptability",Machine Learning Engineer,current_custom_dataset
"Security Monitoring, System administration, Docker, Risk Assessment, PostgreSQL, SIEM, CCNA, Bash, Firewalls",Web development,0,Bachelor,Kazakh,,"Communication, Attention to Detail",Cybersecurity Analyst,current_custom_dataset
Unknown,DevOps Engineer at Ronald James,2,Unknown,English,,Teamwork,DevOps Engineer,adzuna_api
"Angular, JavaScript, TypeScript, HTML, CSS, REST API, Unit Testing, Git, Webpack, CI/CD",Front-end Developer (Angular),4,Unknown,English,,"Teamwork, Communication, Problem Solving, Attention to Detail",Frontend Developer,current_custom_dataset
"PHP, Laravel, MySQL, REST API, Docker, CI/CD, Git",Backend Developer,5,Unknown,English,none,"Leadership, Communication, Problem Solving, Responsibility",Backend Developer,current_custom_dataset
"Python, Data Cleaning, Pandas, GitHub Actions, Scikit-learn, TensorFlow",Machine learning projects,5,Bachelor,English,Meta Frontend,"Attention to Detail, Problem Solving, Self Learning",Machine Learning Engineer,current_custom_dataset
Unknown,Finance Data Analyst at Hays,2,Unknown,English,,Teamwork,Data Analyst,adzuna_api
"Linux, TensorFlow, SQL, Scikit-learn, Wireshark, Pandas, Risk Assessment, Python, Model Evaluation, Data Cleaning",Kaggle experience,1,Master,English,Oracle Java,"Critical Thinking, Attention to Detail, Teamwork",Machine Learning Engineer,current_custom_dataset
"SQL (Advanced), Data Modeling, Marketing Analytics, Attribution Modeling, Power BI (DAX), BigQuery, API Integration, ETL, Funnel Analysis, Data Cleaning, CRM Analytics (Bitrix24), Conversion Tracking",Data Analyst,2,Bachelor,English,,"Analytical Thinking, Ownership, Problem Solving, Communication, Decision Making",Data Analyst,current_custom_dataset
"Incident Response, Jupyter, Dashboards, Jira, SQL, NumPy, Python, Business reporting, Scikit-learn, Hibernate",Linux administration,4,Bachelor,English,Cisco CCNA,"Problem Solving, Adaptability, Self Learning",Data Analyst,current_custom_dataset
"aws, security",Backend Software Developer - AWS at Ocho,2,Unknown,English,AWS Cloud Practitioner,"Teamwork, Problem Solving",Backend Developer,adzuna_api
"azure, testing",DevOps Engineer at VIQU IT Recruitment,2,Unknown,English,,"Communication, Problem Solving",DevOps Engineer,adzuna_api
"Python, Test Automation, REST API, Playwright, CI/CD, SQL, Kafka",Automation QA Engineer,4,Unknown,English,none,"Analytical Thinking, Problem Solving, Communication, Attention to Detail",QA Engineer,current_custom_dataset
Unknown,Senior Frontend Developer at Harnham - Data & Analytics Recruitment,4,Unknown,English,,"Communication, Problem Solving",Frontend Developer,adzuna_api
"Git, Hibernate, Regression Testing, Selenium, Java, HTML, CI/CD",Web development,0,Master,German,Oracle Java,"Self Learning, Leadership, Critical Thinking",Backend Developer,current_custom_dataset
"CCNA, Firewalls, Linux, Docker, Terraform, Figma, Networking, AWS",Deployment experience,1,Certification,German,ISTQB Foundation,"Creativity, Attention to Detail, Adaptability, Communication",DevOps Engineer,current_custom_dataset
"Power BI, Scikit-learn, Manual Testing, Python, Dashboards, Incident Response, Pandas, PostgreSQL, Visualization, A/B Testing",Business reporting,4,Bootcamp,Turkish,Meta Frontend,"Attention to Detail, Communication, Teamwork",Data Analyst,current_custom_dataset
"android, ios, react",Senior Mobile Developer at Unknown,4,Unknown,English,,Problem Solving,Mobile Developer,adzuna_api
"Machine Learning, A/B Testing, Power BI, Business reporting, Visualization, Bug Reporting, Android, Excel, Python, Pandas",Statistics course,0,Master,English,ISTQB Foundation,"Teamwork, Creativity, Adaptability",Data Analyst,current_custom_dataset
cybersecurity,Cybersecurity - Consulting Analyst at Wavestone,2,Unknown,English,,"Communication, Problem Solving",Cybersecurity Analyst,adzuna_api
"Mobile Testing, Regression Testing, Bug Reporting, Bash, Postman, Risk Assessment, API Testing, SQL, Git",Testing project,1,College,Turkish,Cisco CCNA,"Self Learning, Creativity, Adaptability, Problem Solving",QA Engineer,current_custom_dataset
machine learning,Machine Learning Engineer (MLE) at Kingsgate Recruitment Ltd,2,Unknown,English,,"Communication, Problem Solving",Machine Learning Engineer,adzuna_api
"Python, LLM, RAG, LangChain, Vector Databases, SQL, FastAPI, Docker, MLOps, NLP",Senior ML Engineer (LLM / RAG),4,Unknown,English,,"Analytical Thinking, Problem Solving, Communication, Adaptability",Machine Learning Engineer,current_custom_dataset
"Spring Boot, CCNA, Redis, Kotlin, Python, Docker, REST API",Excel certification,4,Bachelor,English,Kubernetes Basics,"Communication, Time Management, Creativity",Backend Developer,current_custom_dataset
"monitoring, qa, testing",Senior Software QA Engineer at Engineered Arts,4,Unknown,English,,Teamwork,QA Engineer,adzuna_api
"Linux, Python, SIEM, SQLite, Hibernate, Cloud security, Wireshark",Deployment experience,1,Bootcamp,Kazakh,ISTQB Foundation,"Communication, Critical Thinking",Cybersecurity Analyst,current_custom_dataset
"Mobile Testing, Java, A/B Testing, Automation Testing, Test Cases, Manual Testing, Postman",QA internship,1,Bachelor,Kazakh,ISTQB Foundation,"Attention to Detail, Creativity",QA Engineer,current_custom_dataset
"Hibernate, Docker, Kotlin, REST API, Tableau, iOS, Linux",Web development project,1,Bootcamp,Kazakh,Google Data Analytics,"Teamwork, Problem Solving, Creativity",Backend Developer,current_custom_dataset
"iOS, Figma, Android, Testing, REST API, Java, UI Design, Tailwind CSS, API development",Mobile internship,1,Bootcamp,English,,"Communication, Leadership",Mobile Developer,current_custom_dataset
"KYC/AML, Fraud Detection, Transaction Monitoring, Risk Analysis, Security Compliance, PCI DSS, ISO 27001, Anti-Fraud Systems, Reporting & Analytics, User Verification Systems",Security Manager (Compliance),2,Bachelor,English,,"Analytical Thinking, Attention to Detail, Communication, Responsibility",Cybersecurity Analyst,current_custom_dataset
Unknown,DevOps Engineer at TXP Technology x People,4,Unknown,English,,"Communication, Problem Solving",DevOps Engineer,adzuna_api
"TypeScript, Linux, Node.js, Git, React, Testing, JavaScript",QA internship,0,Bachelor,Kazakh,Google Data Analytics,"Time Management, Attention to Detail",Frontend Developer,current_custom_dataset
